USE BD_SUPERMERCADO_FUNCIONARIO_PRODUTO_CONSUMIDOR;

INSERT INTO SUPERMERCADO (SUP_CNPJ, SUP_RAZAO_SOCIAL, SUP_TELEFONE, SUP_EMAIL, SUP_ENDERECO_LOGRADOURO, SUP_ENDERECO_NUMERO, SUP_ENDERECO_CIDADE,SUP_ENDERECO_ESTADO)
VALUES ("12345678000101", "Supermercado Grick", "1999999", "gricktambau@email.com", "Grick Street", "10000", "Tambau", "Sp");

INSERT INTO SUPERMERCADO (SUP_CNPJ, SUP_RAZAO_SOCIAL, SUP_TELEFONE, SUP_EMAIL, SUP_ENDERECO_LOGRADOURO, SUP_ENDERECO_NUMERO, SUP_ENDERECO_CIDADE, SUP_ENDERECO_ESTADO)
VALUES ("98765432000199", "Supermercado Bom Preço", "11988887777", "contato@bompreco.com", "Avenida Central", "1500", "Campinas", "SP");

INSERT INTO SUPERMERCADO (SUP_CNPJ, SUP_RAZAO_SOCIAL, SUP_TELEFONE, SUP_EMAIL, SUP_ENDERECO_LOGRADOURO, SUP_ENDERECO_NUMERO, SUP_ENDERECO_CIDADE, SUP_ENDERECO_ESTADO)
VALUES ("45678912000145", "Supermercado Econômico", "11977776666", "vendas@economico.com.br", "Rua das Flores", "200", "Ribeirão Preto", "SP");

INSERT INTO SUPERMERCADO (SUP_CNPJ, SUP_RAZAO_SOCIAL, SUP_TELEFONE, SUP_EMAIL, SUP_ENDERECO_LOGRADOURO, SUP_ENDERECO_NUMERO, SUP_ENDERECO_CIDADE, SUP_ENDERECO_ESTADO)
VALUES ("32165498000167", "Supermercado Real", "11966665555", "sac@superreal.com", "Travessa da Liberdade", "89", "São José dos Campos", "SP");

INSERT INTO SUPERMERCADO (SUP_CNPJ, SUP_RAZAO_SOCIAL, SUP_TELEFONE, SUP_EMAIL, SUP_ENDERECO_LOGRADOURO, SUP_ENDERECO_NUMERO, SUP_ENDERECO_CIDADE, SUP_ENDERECO_ESTADO)
VALUES ("78912345000123", "Supermercado União", "11955554444", "atendimento@uniaosuper.com", "Rua da Paz", "300", "Santos", "SP");

INSERT INTO PRODUTO (PRO_CODIGO_BARRAS, PRO_NOME, PRO_PESO, PRO_QUANTIDADE, PRO_PRECO, PRO_DATA_VALIDADE)
VALUES ("7891234567890", "Arroz 5Kg", "5.0","500", "500", "26.90", "2025-12-25");

INSERT INTO PRODUTO (PRO_CODIGO_BARRAS, PRO_NOME, PRO_PESO, PRO_QUANTIDADE, PRO_PRECO, PRO_DATA_VALIDADE)
VALUES ("7891234567891", "Feijão Carioca 1Kg", "1.0", "300", "7.90", "2025-11-30");

INSERT INTO PRODUTO (PRO_CODIGO_BARRAS, PRO_NOME, PRO_PESO, PRO_QUANTIDADE, PRO_PRECO, PRO_DATA_VALIDADE)
VALUES ("7891234567892", "Óleo de Soja 900ml", "0.9", "400", "6.50", "2025-10-31");

INSERT INTO PRODUTO (PRO_CODIGO_BARRAS, PRO_NOME, PRO_PESO, PRO_QUANTIDADE, PRO_PRECO, PRO_DATA_VALIDADE)
VALUES ("7891234567893", "Macarrão Espaguete 500g", "0.5", "250", "3.90", "2026-01-15");

INSERT INTO PRODUTO (PRO_CODIGO_BARRAS, PRO_NOME, PRO_PESO, PRO_QUANTIDADE, PRO_PRECO, PRO_DATA_VALIDADE)
VALUES ("7891234567894", "Açúcar Refinado 1Kg", "1.0", "350", "4.20", "2026-02-10");

INSERT INTO CONSUMIDOR (CON_CPF, CON_NOME, CON_TELEFONE, CON_EMAIL)
VALUES ("44817917806", "Louis", "19992001966", "louismigueldiasvalentim@gmail.com");

INSERT INTO CONSUMIDOR (CON_CPF, CON_NOME, CON_TELEFONE, CON_EMAIL)
VALUES ("12345678901", "Ana Paula", "11988887777", "ana.paula@email.com");

INSERT INTO CONSUMIDOR (CON_CPF, CON_NOME, CON_TELEFONE, CON_EMAIL)
VALUES ("23456789012", "Carlos Eduardo", "11997776666", "carlos.eduardo@email.com");

INSERT INTO CONSUMIDOR (CON_CPF, CON_NOME, CON_TELEFONE, CON_EMAIL)
VALUES ("34567890123", "Mariana Silva", "21996665555", "mariana.silva@email.com");

INSERT INTO CONSUMIDOR (CON_CPF, CON_NOME, CON_TELEFONE, CON_EMAIL)
VALUES ("45678901234", "João Pedro", "31995554444", "joao.pedro@email.com");


INSERT INTO FUNCIONARIO (FUN_CPF, FUN_NOME, FUN_DATA_NASCIMENTO, FUN_TELEFONE, FUN_EMAIL, FUN_CARTEIRA_TRABALHO, FUN_BANCO_AGENCIA, FUN_BANCO_CONTA, FUN_DATA_ADMISSAO, FUN_JORNADA_TRABALHO, FK_SUP_CNPJ)
VALUES ("98765432100", "Jose Bonifacio", " 1970-07-05", "199987521", "joseboni@gmail.com", "carteira_ze_bonifacio.pdf", "1234", "56789", " 2020-01-15", "44 horas", "12345678000101");

INSERT INTO FUNCIONARIO (FUN_CPF, FUN_NOME, FUN_DATA_NASCIMENTO, FUN_TELEFONE, FUN_EMAIL, FUN_CARTEIRA_TRABALHO, FUN_BANCO_AGENCIA, FUN_BANCO_CONTA, FUN_DATA_ADMISSAO, FUN_JORNADA_TRABALHO, FK_SUP_CNPJ)
VALUES ("12345678900", "Maria Aparecida", "1985-03-22", "11999887766", "maria.aparecida@gmail.com", "carteira_maria.pdf", "4321", "98765", "2019-05-10", "44 horas", "98765432000199");

INSERT INTO FUNCIONARIO (FUN_CPF, FUN_NOME, FUN_DATA_NASCIMENTO, FUN_TELEFONE, FUN_EMAIL, FUN_CARTEIRA_TRABALHO, FUN_BANCO_AGENCIA, FUN_BANCO_CONTA, FUN_DATA_ADMISSAO, FUN_JORNADA_TRABALHO, FK_SUP_CNPJ)
VALUES ("23456789011", "Rogério Mendes", "1992-11-18", "21999998888", "rogerio.mendes@email.com", "carteira_rogerio.pdf", "5678", "12345", "2021-03-20", "40 horas", "45678912000145");

INSERT INTO FUNCIONARIO (FUN_CPF, FUN_NOME, FUN_DATA_NASCIMENTO, FUN_TELEFONE, FUN_EMAIL, FUN_CARTEIRA_TRABALHO, FUN_BANCO_AGENCIA, FUN_BANCO_CONTA, FUN_DATA_ADMISSAO, FUN_JORNADA_TRABALHO, FK_SUP_CNPJ)
VALUES ("34567890122", "Fernanda Lima", "1990-09-30", "11988887777", "fernanda.lima@email.com", "carteira_fernanda.pdf", "8765", "43210", "2022-08-01", "36 horas", "32165498000167");

INSERT INTO FUNCIONARIO (FUN_CPF, FUN_NOME, FUN_DATA_NASCIMENTO, FUN_TELEFONE, FUN_EMAIL, FUN_CARTEIRA_TRABALHO, FUN_BANCO_AGENCIA, FUN_BANCO_CONTA, FUN_DATA_ADMISSAO, FUN_JORNADA_TRABALHO, FK_SUP_CNPJ)
VALUES ("45678901233", "Paulo Ricardo", "1988-12-12", "31997776655", "paulo.ricardo@email.com", "carteira_paulo.pdf", "1122", "33445", "2018-09-12", "44 horas", "78912345000123");

INSERT INTO SUPERMERCADO (SUP_CNPJ, SUP_NOME, SUP_ENDERECO) VALUES
('12345678000101', 'Supermercado Central', 'Rua A, 123'),
('22345678000102', 'Mercado Norte', 'Av. B, 456'),
('32345678000103', 'Super Loja Sul', 'Travessa C, 789'),
('42345678000104', 'Hipermercado Oeste', 'Rua D, 101'),
('52345678000105', 'Mini Mercado Leste', 'Av. E, 202');

INSERT INTO PRODUTO (PRO_ID, PRO_NOME, PRO_PRECO) VALUES
(1, 'Arroz 5kg', 20.50),
(2, 'Feijão 1kg', 7.30),
(3, 'Óleo de soja 900ml', 5.00),
(4, 'Macarrão 500g', 4.25),
(5, 'Leite 1L', 3.50);

INSERT INTO CONSUMIDOR (CON_CPF, CON_NOME, CON_EMAIL) VALUES
('11122233344', 'João Silva', 'joao.silva@email.com'),
('22233344455', 'Maria Oliveira', 'maria.oliveira@email.com'),
('33344455566', 'Carlos Souza', 'carlos.souza@email.com'),
('44455566677', 'Ana Paula', 'ana.paula@email.com'),
('55566677788', 'Lucas Santos', 'lucas.santos@email.com');

INSERT INTO SUPERMERCADO_PRODUTO (FK_SUP_CNPJ, FK_PRO_ID) VALUES 
('12345678000101', 1),
('22345678000102', 2),
('32345678000103', 3),
('42345678000104', 4),
('52345678000105', 5);

INSERT INTO PRODUTO_CONSUMIDOR (FK_CON_CPF, FK_PRO_ID) VALUES 
('11122233344', 1),
('22233344455', 2),
('33344455566', 3),
('44455566677', 4),
('55566677788', 5);

SELECT * FROM SUPERMERCADO;

/*
CONSULTAR O AUMENTO DE R$ 2,00 NO PRECO DOS PRODUTOS COM PRECO ATUAL >= R$ 5,00
*/
SELECT PRO_NOME AS "NOME",
       PRO_CODIGO_BARRAS AS "CODIGO DE BARRAS", 
       PRO_PRECO AS "PRECO ATUAL",
       TRUNCATE((PRO_PRECO +2),2) AS "PRECO COM AJUSTE DE R$ 2,00"
FROM   PRODUTO
WHERE  PRO_PRECO >= 5;

/*
CONSULTAR A REDUÇÃO DE R$ 1,00 NO PREÇO DOS PRODUTOS
COM PREÇO ATUAL ABAIXO DE R$ 5,00
*/
SELECT PRO_NOME AS "NOME",
		PRO_CODIGO_BARRAS AS "CODIGO DE BARRAS",
        PRO_PRECO AS "PRECO ATUAL",
        TRUNCATE((PRO_PRECO - 1),2) AS "PREÇO COM REDUÇÃO DE R$ 1,00"
FROM PRODUTO
WHERE PRO_PRECO <=10;

/*
CONSULTAR COMO SERIA APLICAR UM DESCONTO DE 10% EM TODOS OS PRODUTOS
*/
SELECT PRO_NOME AS "NOME",
		PRO_CODIGO_BARRAS AS "CÓDIGO DE BARRAS",
        PRO_PRECO AS "PREÇO ATUAL",
        (PRO_PRECO - (PRO_PRECO * 0.1)) AS "PREÇO COM DESCONTO DE 10%"
FROM PRODUTO;

/*AJUSTAR O ESTOQUE DO PRIMEIRO PRODUTO, DIVIDINDO PELA METADE*/
SELECT PRO_ID,
	   PRO_NOME,
       PRO_CODIGO_BARRAS,
       PRO_QUANTIDADE
FROM   PRODUTO;

UPDATE PRODUTO
SET    PRO_QUANTIDADE = PRO_QUANTIDADE/2
WHERE PRO_ID = 1;
